{
  "project_info": {
    "project_number": "360544575024",
    "project_id": "yoga-admin-app-e1d59",
    "storage_bucket": "yoga-admin-app-e1d59.firebasestorage.app"
  },
  "client": [
    {
      "client_info": {
        "mobilesdk_app_id": "1:360544575024:android:1f2a87f8b93a4396a057f5",
        "android_client_info": {
          "package_name": "com.example.yoga_app"
        }
      },
      "oauth_client": [],
      "api_key": [
        {
          "current_key": "AIzaSyC3vRInsHF-oxd--yf9xpk69Dec_okxGl0"
        }
      ],
      "services": {
        "appinvite_service": {
          "other_platform_oauth_client": []
        }
      }
    }
  ],
  "configuration_version": "1"
}